{
  "project_info": {
    "project_number": "1011872687413",
    "project_id": "sae32-6c286",
    "storage_bucket": "sae32-6c286.appspot.com"
  },
  "client": [
    {
      "client_info": {
        "mobilesdk_app_id": "1:1011872687413:android:2fe5c7a2dd41b177a2187c",
        "android_client_info": {
          "package_name": "com.example.sae32_message"
        }
      },
      "oauth_client": [],
      "api_key": [
        {
          "current_key": "AIzaSyAGdGpYJ8M6Lvt2VS_arJAR4AHBHl1zqlo"
        }
      ],
      "services": {
        "appinvite_service": {
          "other_platform_oauth_client": []
        }
      }
    }
  ],
  "configuration_version": "1"
}