{
  "project_info": {
    "project_number": "157506373776",
    "project_id": "sae32-82ed1",
    "storage_bucket": "sae32-82ed1.appspot.com"
  },
  "client": [
    {
      "client_info": {
        "mobilesdk_app_id": "1:157506373776:android:51dd9fa86f5f3de47bb015",
        "android_client_info": {
          "package_name": "com.example.sae32_application"
        }
      },
      "oauth_client": [],
      "api_key": [
        {
          "current_key": "AIzaSyC61q9yB6_VITVHREmhst94qtNJ9x6vANc"
        }
      ],
      "services": {
        "appinvite_service": {
          "other_platform_oauth_client": []
        }
      }
    }
  ],
  "configuration_version": "1"
}